id,accesso
856,2021-01-29 00:37:25
792,2020-07-25 19:40:46
546,2020-10-09 21:21:00
358,2020-08-23 07:06:54
638,2020-10-24 13:40:37
889,2020-04-14 18:51:43
174,2020-03-04 18:18:58
762,2020-07-09 23:57:14
580,2021-01-01 10:26:42
89,2020-11-18 09:37:19
871,2021-02-14 21:31:30
544,2020-04-27 08:30:15
860,2020-07-01 18:34:44
909,2020-05-04 08:34:54
988,2020-03-10 12:41:31
655,2020-03-01 13:50:47
270,2020-08-02 17:15:13
979,2020-08-03 09:54:21
775,2020-11-27 19:45:05
964,2020-09-27 18:47:58
314,2020-07-07 21:06:57
298,2020-04-10 17:46:30
960,2020-03-05 20:43:18
496,2020-05-06 16:31:16
969,2020-07-24 16:09:39
312,2020-05-05 07:33:59
262,2021-01-29 17:11:19
788,2020-08-12 09:28:28
322,2020-06-11 06:54:25
120,2021-01-05 09:28:21
683,2020-08-02 21:19:32
60,2020-02-22 20:22:23
260,2020-09-23 04:44:33
137,2021-02-03 17:13:30
828,2020-07-22 12:47:18
128,2020-11-24 10:27:30
955,2020-05-15 01:06:59
964,2020-05-05 06:45:21
207,2020-08-20 01:30:11
945,2020-10-01 09:18:39
496,2020-12-03 09:53:48
574,2020-04-18 16:28:43
565,2020-07-24 04:58:35
777,2020-06-08 20:39:09
676,2020-06-17 03:34:41
573,2020-11-16 15:42:54
37,2020-09-17 15:57:52
512,2020-07-30 03:06:18
53,2020-09-13 14:39:53
143,2020-04-25 20:41:26
265,2020-06-24 23:55:52
440,2021-02-08 17:41:11
258,2020-08-17 21:33:32
466,2020-05-22 04:56:36
734,2021-01-22 09:07:14
521,2020-06-20 21:54:09
343,2020-08-15 12:27:26
169,2020-09-25 21:39:42
874,2020-11-29 08:57:32
251,2020-08-18 06:20:39
661,2021-02-06 21:26:16
170,2020-05-02 10:13:35
817,2020-07-15 19:34:44
865,2020-05-05 08:35:45
541,2020-06-09 20:36:19
991,2020-09-10 19:38:49
939,2020-07-13 21:43:35
972,2020-10-08 10:09:10
662,2020-12-01 20:13:32
938,2021-01-06 06:23:47
318,2021-02-08 14:16:09
408,2020-11-05 22:41:38
437,2020-07-13 17:46:01
1,2020-04-14 21:40:58
786,2021-01-15 10:53:10
824,2020-06-21 23:26:30
799,2020-04-04 07:22:29
560,2020-11-13 19:40:26
804,2020-03-28 06:11:41
565,2020-10-29 15:15:45
700,2020-03-03 06:09:43
248,2021-02-04 15:57:39
551,2020-11-26 16:56:12
366,2020-09-25 13:06:35
699,2021-02-05 01:03:37
955,2020-11-22 10:35:33
679,2020-06-13 05:03:52
474,2020-09-02 09:00:03
365,2021-02-02 01:28:23
699,2020-11-25 20:56:29
514,2020-08-25 14:47:00
181,2020-03-16 03:00:30
48,2020-10-31 03:27:08
849,2020-05-18 21:15:48
848,2020-11-30 21:35:12
129,2020-06-30 19:00:00
575,2021-01-01 11:29:21
17,2020-03-27 20:04:51
144,2020-02-24 15:58:01
831,2020-04-19 10:46:30
411,2020-11-07 23:31:44
848,2021-01-12 17:48:06
10,2020-12-28 04:13:42
50,2020-03-16 10:41:11
683,2020-02-21 14:19:26
150,2020-03-08 09:50:47
38,2020-11-06 14:58:39
757,2021-01-21 03:30:02
788,2020-12-13 08:56:11
344,2020-08-26 23:11:13
70,2020-06-15 20:17:10
408,2020-12-17 22:17:00
733,2020-11-16 00:42:16
750,2020-11-01 07:35:36
502,2020-05-20 22:24:07
847,2020-08-27 03:31:57
854,2020-08-07 11:50:18
39,2020-09-23 15:56:56
607,2020-06-05 22:45:52
850,2020-08-20 07:18:30
807,2020-06-17 18:37:37
551,2020-10-25 02:15:33
634,2020-09-08 06:35:38
731,2021-01-01 11:42:31
467,2020-04-03 11:36:33
570,2020-10-30 04:03:16
202,2020-05-14 08:52:17
732,2020-12-14 10:47:38
631,2020-09-15 01:33:19
682,2021-02-05 11:01:13
607,2021-02-16 19:05:53
816,2020-04-17 00:33:33
140,2021-02-12 04:31:14
359,2020-09-30 01:55:37
571,2020-11-06 06:32:46
243,2020-11-16 16:05:38
673,2020-11-29 23:15:10
74,2021-02-12 10:13:53
147,2020-05-16 02:03:45
193,2020-06-07 15:01:38
659,2020-04-12 08:28:56
527,2020-07-11 10:32:30
347,2021-01-26 11:16:39
668,2020-05-19 03:49:27
268,2020-06-30 16:02:59
116,2020-04-19 05:34:17
263,2021-01-28 02:24:41
927,2020-08-30 13:40:37
174,2020-11-19 08:29:47
260,2020-10-28 15:24:05
954,2020-10-28 10:24:30
156,2021-02-16 03:26:59
429,2020-03-26 16:00:29
383,2021-01-27 01:51:58
534,2020-04-14 03:04:05
383,2020-11-09 23:19:56
423,2020-06-01 05:52:29
335,2020-10-24 00:43:54
814,2020-05-05 06:33:14
359,2020-07-07 11:15:15
152,2020-08-29 20:32:57
797,2020-02-23 01:58:56
840,2021-02-02 11:05:00
842,2020-11-21 10:44:46
976,2020-06-20 13:23:37
38,2020-08-01 03:12:18
94,2020-05-24 06:11:37
556,2020-08-10 14:28:05
169,2020-05-12 15:06:14
423,2020-03-03 09:11:04
305,2020-11-27 19:43:01
152,2020-07-21 12:35:45
769,2020-10-25 21:41:26
433,2020-03-24 10:47:28
139,2020-08-16 17:42:23
516,2020-12-17 00:56:02
131,2020-05-02 22:14:48
853,2021-01-08 13:22:21
330,2020-02-27 08:42:01
238,2020-04-05 08:40:48
862,2020-04-19 00:53:45
193,2020-06-16 03:00:31
55,2020-07-13 15:41:53
886,2020-05-05 20:07:26
718,2021-01-21 01:15:24
462,2020-07-05 08:17:37
808,2020-06-29 01:42:59
546,2020-11-18 19:27:15
834,2020-06-10 12:13:12
757,2020-04-30 00:42:16
588,2020-10-07 21:22:57
281,2021-02-16 08:57:01
860,2020-10-17 21:13:58
987,2020-03-11 04:59:47
847,2020-11-21 04:10:43
969,2021-02-04 23:32:16
38,2020-10-10 23:13:00
119,2021-02-17 06:45:48
571,2020-12-31 19:54:58
141,2021-01-04 14:29:13
512,2020-10-02 12:41:09
394,2020-08-05 19:19:27
367,2020-09-02 14:14:44
95,2020-10-02 09:40:51
717,2020-07-31 12:55:20
276,2020-06-15 04:23:07
235,2020-05-21 06:45:46
291,2020-12-09 23:14:20
690,2020-04-04 22:52:05
191,2020-03-12 19:41:29
947,2020-04-04 19:47:03
224,2020-06-03 22:35:13
130,2020-05-07 16:23:56
15,2020-08-16 05:59:53
288,2020-05-02 00:17:31
187,2021-01-31 04:20:32
29,2020-04-24 06:09:03
409,2020-03-11 18:35:30
647,2020-05-09 12:54:26
23,2020-10-07 19:01:52
870,2020-06-19 00:27:54
126,2020-10-18 10:17:22
421,2021-02-14 14:57:35
864,2020-08-14 09:37:54
21,2021-01-27 08:18:57
258,2020-09-25 13:08:01
732,2020-12-18 02:13:43
106,2020-08-22 21:43:53
219,2020-10-01 15:50:47
822,2021-02-10 14:29:24
268,2020-11-20 07:18:39
205,2021-02-15 07:27:43
495,2021-01-26 23:29:59
843,2021-02-19 04:45:35
700,2020-08-08 07:14:29
710,2020-04-25 02:29:04
159,2020-06-10 06:16:59
301,2020-04-12 23:42:38
69,2020-04-03 12:15:10
156,2020-04-08 14:37:50
808,2021-02-02 09:21:16
840,2020-03-09 21:21:10
134,2021-01-16 07:40:25
866,2020-10-05 11:38:11
814,2020-10-14 09:03:08
181,2020-11-25 17:16:36
39,2020-09-10 11:16:39
476,2020-07-24 02:53:56
419,2020-04-23 17:28:58
233,2020-06-03 05:21:28
477,2020-03-21 11:12:15
730,2020-03-19 13:40:52
929,2020-11-21 21:08:00
918,2020-02-27 11:13:43
587,2020-10-25 13:01:46
190,2020-10-10 00:25:39
149,2020-09-22 17:01:46
337,2020-07-07 03:22:10
805,2020-08-01 22:21:10
498,2020-08-03 11:58:19
950,2020-07-19 11:42:23
485,2020-07-06 06:42:11
378,2020-12-03 07:58:13
746,2020-08-30 18:38:50
103,2020-05-12 06:04:36
199,2020-07-18 18:44:11
444,2020-12-15 14:45:26
615,2020-04-06 10:09:39
505,2021-02-04 10:03:38
915,2020-07-05 12:10:25
145,2020-04-28 16:44:15
609,2020-10-22 17:48:38
237,2020-06-20 06:25:11
93,2020-03-22 22:12:53
684,2020-03-17 11:58:42
714,2020-12-07 19:35:44
177,2021-01-17 11:14:33
675,2020-02-25 04:00:20
608,2020-04-05 22:12:02
863,2020-09-14 19:16:12
17,2020-11-28 14:50:48
981,2020-06-29 00:21:33
230,2020-08-08 09:06:23
707,2020-05-22 13:43:57
258,2020-06-10 13:46:42
888,2020-10-25 01:21:48
753,2020-07-02 11:45:06
456,2020-05-07 07:37:40
580,2020-07-18 14:01:55
828,2020-02-21 16:31:30
361,2020-12-15 05:59:31
180,2020-10-02 15:17:04
469,2020-11-22 02:08:58
410,2020-07-24 21:57:10
643,2020-08-29 00:12:58
192,2020-05-18 04:17:46
851,2020-04-30 12:30:35
766,2020-11-10 08:19:59
429,2021-02-18 10:31:44
273,2020-03-02 15:02:32
328,2020-08-18 08:13:11
252,2021-01-23 06:45:21
417,2020-10-26 03:53:41
882,2020-06-14 04:21:40
139,2020-02-27 07:43:48
485,2020-09-25 10:12:48
617,2020-04-08 23:25:39
848,2020-10-08 23:16:04
494,2020-09-06 18:51:18
570,2020-12-15 17:37:13
622,2020-04-18 01:52:16
669,2020-12-27 23:24:02
386,2020-07-24 05:16:32
440,2020-09-15 06:02:16
410,2020-08-21 14:37:40
812,2021-02-01 09:44:39
201,2020-12-11 22:50:03
967,2020-03-30 05:48:28
803,2020-03-25 21:47:49
248,2021-01-09 22:23:16
320,2020-05-08 19:23:56
165,2020-06-15 05:20:42
51,2020-06-18 16:24:21
42,2020-06-30 16:44:28
170,2021-02-12 00:23:45
246,2021-01-26 21:00:15
116,2020-05-28 17:53:51
536,2020-07-01 20:43:05
831,2021-02-19 11:56:59
934,2020-08-19 06:21:40
700,2020-06-16 23:57:23
460,2020-03-13 01:14:55
457,2020-10-06 00:04:29
907,2020-09-08 11:52:38
464,2020-09-29 10:54:31
435,2020-02-21 22:11:58
432,2020-06-14 21:31:58
812,2020-07-30 19:14:51
209,2021-01-26 06:52:39
327,2020-07-31 04:50:15
725,2020-07-26 13:57:24
450,2021-01-12 13:13:47
139,2021-01-26 00:41:09
470,2021-01-19 17:14:44
701,2020-06-20 16:17:18
115,2020-10-06 04:25:44
710,2021-01-05 15:04:23
732,2020-05-15 10:52:24
988,2021-02-05 17:47:07
621,2020-07-15 00:59:27
851,2020-05-13 03:18:27
790,2021-02-17 12:56:29
766,2020-05-01 23:34:16
958,2021-01-07 14:11:21
548,2020-06-04 01:18:00
646,2021-01-29 23:10:36
673,2020-02-20 10:34:08
6,2020-05-26 17:41:24
715,2020-08-28 14:20:40
275,2020-06-20 17:52:18
821,2020-10-14 17:29:44
53,2020-08-19 08:37:33
725,2020-06-01 16:25:51
475,2020-08-17 08:58:44
838,2020-03-31 11:56:53
215,2020-08-08 20:07:31
951,2020-12-19 02:27:20
142,2020-12-30 23:37:51
256,2020-06-25 08:16:47
837,2020-10-31 16:09:13
663,2020-12-21 10:40:03
238,2020-05-28 01:38:26
156,2020-09-25 02:56:56
176,2020-05-25 07:29:44
617,2020-06-17 09:44:34
169,2020-10-01 20:35:36
541,2020-07-11 08:46:01
273,2020-10-29 12:22:56
238,2020-10-31 01:07:50
716,2020-12-24 12:51:14
615,2020-08-04 02:15:41
411,2020-06-22 12:33:31
459,2020-08-21 05:17:52
810,2020-12-06 07:40:51
457,2020-11-05 07:17:54
986,2020-10-01 00:36:01
317,2020-03-24 12:29:20
577,2020-04-22 07:38:57
437,2020-09-13 07:36:32
315,2020-11-18 10:52:02
570,2020-11-15 09:15:44
204,2020-11-30 04:59:59
489,2021-02-19 07:17:15
205,2020-08-20 03:09:21
234,2020-12-14 07:44:46
497,2020-03-15 20:28:23
429,2020-05-18 00:53:10
765,2020-12-21 02:14:27
715,2020-09-03 15:16:06
569,2020-08-04 08:02:44
930,2020-12-03 17:11:56
226,2020-12-08 03:04:31
939,2020-12-31 16:38:16
75,2021-02-04 09:13:45
219,2020-03-03 03:54:53
557,2020-04-26 06:19:23
963,2020-12-26 21:26:14
295,2020-10-13 07:05:24
415,2020-05-16 06:49:40
410,2020-10-11 15:19:16
721,2020-05-24 07:11:53
403,2020-07-30 21:45:49
794,2020-10-23 11:34:12
63,2020-10-10 16:48:49
287,2021-02-18 02:29:02
725,2020-03-23 12:31:03
313,2020-11-21 07:06:50
335,2020-05-03 16:39:49
54,2020-11-17 15:41:31
548,2020-10-29 07:30:40
611,2021-02-04 02:42:00
387,2020-11-17 10:25:39
104,2020-05-17 21:05:01
890,2020-06-25 03:15:11
302,2020-09-10 15:11:35
253,2020-03-22 19:48:26
842,2020-04-26 23:26:16
112,2021-01-18 09:37:01
146,2020-10-05 05:14:40
740,2020-04-30 14:43:06
984,2020-05-30 06:16:17
405,2020-08-31 01:00:23
51,2020-06-18 11:23:56
533,2020-06-21 15:32:35
79,2020-12-22 05:30:09
27,2020-04-27 22:05:31
449,2020-11-26 22:02:15
881,2020-11-24 00:34:31
446,2020-09-17 14:43:47
61,2020-11-03 03:58:41
451,2020-10-11 01:19:29
895,2020-09-26 13:32:47
813,2020-10-27 00:37:40
42,2020-11-21 06:39:30
119,2020-12-25 18:58:53
254,2020-03-26 11:44:58
220,2020-03-08 20:26:52
537,2020-08-26 23:20:20
250,2020-06-16 12:21:52
97,2020-07-05 20:04:09
672,2020-11-03 05:31:18
651,2020-08-02 09:11:18
696,2020-05-27 03:44:53
656,2020-08-25 22:15:29
724,2020-04-28 12:20:58
139,2020-04-02 15:03:07
544,2020-06-11 02:30:36
328,2020-09-17 00:44:11
326,2020-09-05 11:58:15
472,2020-09-02 11:58:00
494,2020-05-04 07:26:27
689,2020-11-16 22:31:24
940,2020-04-25 13:23:56
610,2020-10-23 12:26:07
170,2021-01-13 19:50:01
702,2020-05-24 11:26:09
514,2020-07-28 12:45:12
449,2020-08-30 23:32:20
751,2020-03-20 08:43:57
593,2020-11-29 08:36:58
749,2020-11-22 07:06:38
924,2020-11-06 02:48:53
324,2021-02-02 16:35:07
402,2020-10-10 23:13:08
641,2020-12-02 02:58:52
698,2020-08-30 15:49:41
652,2020-12-23 23:30:14
926,2020-06-14 16:38:09
252,2021-01-26 12:29:42
29,2020-12-03 22:14:50
464,2020-06-18 07:39:51
551,2020-06-11 19:05:50
252,2020-10-26 02:24:41
166,2020-08-15 07:53:42
165,2020-12-24 01:36:06
270,2021-01-06 05:18:33
497,2020-06-28 11:00:27
145,2020-07-06 06:36:33
906,2020-09-14 13:31:49
331,2020-03-08 14:27:15
484,2020-04-17 07:37:31
128,2020-05-22 09:12:59
72,2020-08-29 05:14:43
15,2020-11-11 18:56:36
7,2020-09-29 21:12:45
224,2020-08-31 03:45:05
714,2021-01-20 17:27:08
788,2020-09-29 08:08:49
180,2020-05-19 05:00:56
625,2020-05-07 09:41:00
299,2020-10-27 08:40:57
739,2021-01-07 23:47:06
841,2020-04-07 18:20:48
89,2020-08-26 01:16:38
888,2021-01-26 12:53:32
321,2020-09-20 01:45:03
137,2020-03-13 05:54:56
214,2020-10-01 16:19:06
846,2020-05-01 16:43:41
949,2020-04-24 08:42:34
259,2021-02-10 06:14:57
907,2020-11-30 18:32:03
938,2021-01-18 10:45:17
603,2020-10-18 00:07:15
270,2020-09-14 04:05:02
79,2020-07-05 01:22:56
707,2020-09-05 05:35:53
831,2020-10-23 19:36:06
497,2020-09-09 16:26:06
570,2020-09-06 05:26:22
103,2020-06-06 08:57:32
940,2020-04-02 06:34:19
783,2020-12-23 15:19:54
354,2020-08-22 14:06:42
236,2020-07-29 02:16:44
304,2020-11-11 16:04:29
729,2020-03-14 16:15:26
556,2020-05-30 18:00:01
103,2020-07-23 10:26:59
839,2020-03-26 17:11:49
453,2021-02-03 06:48:31
650,2020-09-09 15:33:40
761,2020-02-29 09:51:46
187,2020-07-05 03:25:47
521,2020-12-20 09:30:28
106,2020-12-28 19:41:53
865,2021-01-13 16:49:40
332,2020-09-21 14:25:44
24,2020-11-23 18:43:37
263,2020-05-24 21:06:48
312,2020-11-05 12:03:59
455,2020-11-02 16:00:59
955,2020-02-25 02:41:43
103,2021-01-28 20:29:50
479,2020-12-09 22:18:50
217,2020-07-17 23:06:09
551,2020-11-30 05:43:58
658,2020-03-22 21:53:00
709,2020-07-01 11:16:13
246,2020-11-27 02:37:11
471,2020-04-20 22:11:52
406,2020-04-01 13:23:30
234,2020-03-04 06:34:48
167,2021-01-20 02:24:55
637,2020-10-01 07:24:08
625,2020-03-10 14:54:46
867,2020-11-07 06:47:28
888,2020-08-22 04:50:38
990,2020-07-17 14:32:32
874,2020-10-06 18:27:08
503,2020-05-23 07:10:21
664,2020-03-23 13:03:53
626,2020-08-24 06:50:11
232,2020-04-05 12:53:34
412,2020-08-07 17:07:28
776,2020-10-10 12:11:47
263,2020-09-18 21:53:37
417,2020-02-24 17:03:07
503,2020-04-14 18:52:29
729,2020-06-19 12:42:19
670,2020-06-17 15:32:14
600,2020-04-08 21:07:10
700,2020-06-26 01:39:08
238,2020-06-11 04:49:21
375,2020-05-17 00:08:38
117,2020-07-31 00:28:12
988,2021-02-16 02:13:12
722,2020-09-27 18:06:25
752,2021-02-02 15:04:02
772,2021-01-01 17:52:57
134,2020-06-29 19:13:36
946,2021-02-10 15:08:09
12,2021-01-30 16:32:50
845,2020-12-27 02:07:42
722,2020-05-16 16:08:26
343,2020-11-13 15:32:43
536,2020-09-13 06:39:25
924,2020-11-11 21:40:57
285,2021-02-15 20:08:18
151,2020-05-21 06:41:04
214,2020-04-04 13:22:06
829,2020-04-06 13:55:19
668,2020-08-07 23:24:53
47,2020-12-03 23:19:24
451,2020-11-04 19:48:27
69,2020-05-16 16:32:45
771,2021-01-02 07:40:48
962,2020-05-09 22:51:21
352,2020-12-14 21:20:25
293,2020-07-07 11:41:20
386,2020-02-27 01:18:07
507,2020-11-05 07:43:13
488,2020-08-16 17:00:42
967,2020-07-26 12:19:14
753,2020-06-12 22:33:48
988,2020-03-02 15:00:01
849,2020-07-05 10:54:32
930,2021-01-12 09:32:15
742,2020-12-29 22:34:02
542,2020-12-04 04:47:51
480,2020-02-25 03:30:11
797,2020-05-03 08:08:58
348,2020-09-23 08:32:57
804,2020-11-19 05:58:34
543,2020-03-02 20:38:55
405,2020-12-27 15:29:02
847,2020-08-24 12:25:11
992,2021-01-20 09:30:33
483,2021-01-07 08:29:22
886,2020-09-13 21:21:54
153,2021-01-15 05:53:14
717,2020-07-19 17:34:14
309,2020-05-04 07:45:02
401,2020-06-24 18:08:15
792,2020-12-14 07:01:04
41,2020-09-18 00:51:56
454,2020-08-13 20:29:16
419,2020-06-01 08:18:22
582,2020-06-03 00:15:48
593,2020-10-08 10:01:41
258,2021-01-23 20:06:49
624,2021-02-05 06:58:42
378,2020-03-16 15:10:57
752,2020-03-02 13:00:26
678,2020-08-25 01:08:51
155,2020-08-21 01:16:13
646,2020-05-14 10:03:34
380,2020-08-21 18:15:18
670,2020-09-12 13:37:21
302,2020-03-29 04:37:51
564,2020-06-21 18:57:00
938,2020-11-17 11:50:20
702,2020-05-02 03:47:07
948,2020-12-25 14:50:50
642,2020-08-12 17:15:16
387,2021-02-05 02:55:07
485,2020-06-18 16:17:24
757,2020-06-04 08:48:03
854,2020-06-16 23:23:28
432,2021-02-04 09:24:08
399,2020-12-01 02:58:38
527,2020-10-09 12:09:24
587,2020-06-10 23:41:18
967,2020-12-16 16:19:19
244,2020-06-15 03:03:25
820,2020-05-05 13:35:03
634,2021-02-16 23:31:15
941,2020-03-21 14:01:00
884,2020-03-26 16:13:53
791,2020-04-21 15:20:40
924,2020-04-25 13:43:48
676,2020-09-23 21:03:31
662,2020-10-11 22:14:26
84,2021-02-02 23:08:06
700,2020-07-01 16:18:10
540,2021-01-04 04:29:16
726,2020-04-23 10:20:09
338,2020-09-14 00:16:54
72,2020-04-29 19:32:15
498,2020-11-28 09:51:05
428,2020-05-06 13:37:07
214,2020-08-26 08:19:02
730,2021-01-17 17:04:08
823,2020-09-24 09:02:42
401,2020-12-05 01:17:29
818,2020-07-18 05:55:25
46,2020-09-07 22:05:19
52,2020-06-21 21:16:45
569,2020-11-15 12:53:01
835,2020-09-22 19:38:06
430,2020-06-25 16:11:00
914,2020-09-17 07:14:40
767,2020-05-12 13:00:44
720,2020-09-25 06:27:35
19,2020-09-11 01:56:13
18,2020-07-01 23:44:37
265,2020-03-25 21:30:08
303,2020-08-03 16:25:38
320,2020-04-27 12:50:52
473,2020-11-13 05:30:53
687,2020-11-20 14:32:55
283,2020-10-30 07:19:06
730,2020-07-02 16:23:07
768,2020-03-02 16:01:59
862,2020-09-03 07:31:17
256,2020-05-05 23:00:51
47,2020-04-22 15:34:57
579,2020-07-30 17:34:18
400,2020-03-03 00:47:00
381,2020-10-25 10:07:12
215,2020-05-14 19:33:38
432,2020-10-13 23:14:36
122,2020-03-15 23:21:51
533,2021-02-17 20:28:57
574,2020-03-12 20:34:52
754,2021-01-13 02:57:22
838,2020-06-29 20:44:40
217,2020-12-17 04:26:40
574,2020-09-03 00:49:00
293,2020-11-24 03:41:18
800,2020-06-22 07:30:42
593,2020-04-08 21:16:39
62,2020-09-24 04:37:15
40,2020-03-18 13:22:18
906,2020-07-30 13:57:14
585,2020-03-11 05:16:25
111,2021-01-27 20:08:18
240,2020-10-18 16:03:46
166,2020-03-21 15:13:20
120,2020-07-03 03:24:47
706,2021-02-04 02:16:25
207,2020-08-03 13:09:34
981,2020-08-13 08:29:07
220,2020-12-31 07:29:41
324,2020-06-28 10:35:50
161,2020-05-21 08:51:16
574,2020-03-06 14:02:53
437,2021-01-23 13:30:48
399,2020-08-11 02:08:22
281,2021-02-13 01:38:54
130,2020-11-05 23:08:46
738,2020-08-10 06:27:13
254,2020-03-10 09:19:53
515,2020-05-07 17:36:50
575,2020-05-22 05:03:47
517,2020-06-13 00:32:02
963,2020-08-14 00:56:42
367,2020-06-22 02:15:23
705,2020-12-16 19:40:25
488,2020-05-27 23:01:57
462,2020-11-10 22:56:21
178,2020-08-14 23:59:44
506,2020-03-16 16:00:06
361,2020-05-25 02:50:28
862,2020-05-13 18:35:19
55,2020-05-20 02:16:48
685,2020-03-06 01:12:31
319,2020-06-14 23:41:01
682,2020-12-13 09:44:12
569,2020-08-06 13:15:29
108,2020-08-10 04:10:50
394,2020-10-31 11:46:50
626,2020-10-10 12:30:18
412,2020-06-10 10:13:26
467,2020-03-09 00:14:57
60,2020-11-16 23:02:03
167,2020-04-08 14:53:17
498,2020-07-20 09:17:54
572,2020-03-13 00:30:55
825,2020-10-20 06:18:43
473,2020-09-23 18:52:25
685,2020-05-15 21:16:55
878,2020-09-17 15:36:17
359,2020-04-27 15:58:57
662,2021-01-16 15:17:11
80,2020-03-04 02:20:20
82,2020-09-19 20:58:25
510,2020-04-30 02:17:09
105,2020-09-04 23:36:34
478,2021-01-12 05:43:24
103,2021-01-22 05:35:00
927,2020-04-07 07:21:55
341,2020-08-13 02:28:14
304,2021-01-19 06:20:40
669,2020-09-09 05:23:28
809,2021-01-13 08:44:53
505,2021-02-02 12:47:33
346,2020-07-03 12:56:09
890,2020-09-14 14:30:28
171,2020-12-30 08:12:26
54,2020-11-02 21:13:21
36,2020-08-10 21:50:29
674,2020-03-16 06:21:38
408,2020-10-05 16:10:34
199,2020-12-13 23:03:54
323,2021-01-28 07:55:17
11,2020-05-15 23:27:12
32,2020-06-12 03:40:26
845,2020-11-12 00:15:28
196,2020-05-30 15:57:18
473,2020-09-24 13:52:10
230,2020-03-11 19:33:39
981,2020-09-15 11:17:52
447,2020-08-12 14:03:30
317,2020-12-27 09:48:10
162,2020-09-23 10:05:16
962,2020-07-11 06:21:47
550,2020-07-27 07:55:18
480,2021-01-11 14:36:33
863,2020-06-10 05:09:28
803,2021-01-09 03:57:42
581,2020-05-05 03:29:49
410,2020-11-09 19:27:41
763,2020-12-06 23:07:01
489,2021-02-05 14:36:39
710,2020-10-02 13:35:33
413,2021-02-03 20:00:16
928,2020-04-27 05:49:49
436,2020-04-18 01:33:51
490,2021-02-04 00:50:25
455,2021-01-14 22:10:08
335,2021-01-02 07:11:46
907,2020-10-22 21:00:47
215,2020-09-07 00:33:42
807,2020-02-23 05:05:41
295,2020-05-31 22:04:24
109,2020-03-01 19:33:54
388,2020-05-12 03:42:18
478,2020-06-30 18:24:26
952,2020-09-11 03:14:01
400,2020-04-25 04:56:20
926,2020-10-21 07:48:56
785,2020-08-03 03:41:38
116,2020-09-09 23:30:42
391,2020-04-27 00:53:14
69,2020-11-06 10:51:53
538,2020-08-12 09:17:53
126,2020-10-22 09:41:38
716,2020-07-29 12:47:11
705,2020-06-19 08:57:50
121,2020-09-30 23:57:57
249,2020-03-25 13:46:40
889,2021-01-24 12:15:38
814,2020-10-22 14:38:43
81,2020-11-26 17:40:48
753,2020-05-10 16:53:05
899,2021-01-20 16:40:40
252,2020-11-07 16:13:48
53,2020-05-16 12:04:42
184,2020-07-24 20:19:19
766,2020-10-21 08:46:14
843,2020-11-26 18:46:56
639,2020-03-24 02:20:35
65,2020-03-14 21:04:35
669,2020-07-12 02:08:20
184,2020-09-29 09:36:52
6,2020-09-26 08:08:45
335,2020-04-25 11:27:06
71,2020-07-10 16:45:12
954,2020-05-17 15:23:21
509,2020-07-03 21:42:46
382,2020-12-05 15:42:08
741,2020-07-02 05:05:56
50,2020-11-29 14:38:49
679,2020-10-21 08:57:54
373,2020-07-24 18:04:19
224,2020-10-03 07:42:29
743,2020-06-10 06:13:43
317,2020-10-16 15:16:39
627,2020-10-10 22:27:12
542,2020-03-22 01:32:37
337,2020-10-27 18:10:47
564,2020-03-26 00:16:55
20,2020-06-23 09:17:03
347,2021-02-12 13:22:19
566,2020-05-24 16:51:46
776,2021-01-17 01:20:39
667,2020-07-27 11:09:24
86,2020-12-21 16:14:44
257,2020-08-24 21:41:02
614,2020-05-27 21:08:11
874,2020-10-30 18:01:47
439,2020-07-27 00:37:45
252,2021-01-10 08:25:57
822,2020-03-19 06:46:34
698,2020-07-06 23:05:41
5,2020-05-25 06:12:47
41,2020-09-10 16:40:22
346,2020-07-23 20:02:41
175,2020-09-15 22:19:58
220,2020-10-17 22:49:15
758,2020-11-17 17:44:44
220,2020-11-06 02:53:08
883,2020-08-06 19:43:14
386,2020-05-23 11:00:29
978,2021-01-02 08:28:06
271,2020-08-27 19:55:38
158,2021-02-16 16:10:59
735,2020-09-07 07:18:11
488,2020-09-17 14:04:50
122,2020-10-08 02:19:55
806,2020-11-13 18:21:07
906,2020-10-27 18:00:31
122,2020-06-05 08:26:18
123,2020-07-24 02:58:00
935,2020-09-17 07:54:44
333,2020-10-11 22:52:32
721,2020-12-22 13:13:53
153,2020-02-23 12:48:05
505,2020-11-09 04:19:21
643,2020-07-06 06:22:52
835,2020-05-19 09:18:18
875,2020-12-09 16:10:42
599,2020-12-26 01:40:48
246,2020-08-05 03:42:40
477,2021-02-09 18:01:09
202,2020-06-12 20:03:54
60,2020-12-10 17:06:38
228,2020-07-05 14:31:37
248,2020-08-24 21:14:57
145,2020-10-08 02:37:26
758,2021-02-10 19:51:11
79,2020-05-09 17:24:58
777,2021-01-22 18:04:28
499,2020-11-26 21:59:06
712,2020-12-02 10:27:28
478,2020-09-28 13:13:08
700,2020-04-08 09:12:37
108,2020-07-30 00:06:50
538,2020-03-25 20:10:15
148,2020-10-21 19:50:20
922,2020-02-29 09:53:35
136,2020-09-15 05:03:28
359,2020-06-03 20:58:55
509,2020-11-13 00:45:42
174,2020-11-08 01:07:45
72,2020-10-10 09:45:50
517,2020-03-14 12:07:09
96,2020-12-01 15:54:57
302,2020-10-23 14:32:47
309,2020-11-14 15:50:23
92,2020-06-25 01:32:41
456,2021-02-12 18:31:40
172,2020-08-19 09:16:24
393,2020-12-08 08:18:42
241,2020-07-03 00:39:49
594,2020-03-12 04:49:47
9,2020-05-23 03:42:34
104,2021-01-15 23:54:14
804,2020-10-30 10:27:09
666,2020-06-05 10:53:25
470,2020-10-17 15:46:41
256,2020-07-31 07:08:04
379,2020-07-15 14:29:58
576,2020-05-25 17:47:57
295,2020-08-23 16:40:36
391,2021-01-23 01:33:28
991,2020-07-17 06:12:02
47,2020-05-05 12:18:24
509,2020-04-19 22:19:33
84,2021-01-03 05:15:16
954,2020-03-21 22:27:27
577,2021-02-06 12:50:27
386,2020-03-05 13:27:44
480,2021-02-12 05:30:44
968,2020-10-21 00:26:38
818,2020-12-24 14:50:03
717,2020-03-14 23:44:18
67,2020-05-18 01:44:47
191,2020-12-08 07:20:09
116,2020-07-15 01:46:20
250,2021-02-01 08:53:13
102,2020-06-23 08:07:15
48,2020-07-04 14:57:17
839,2021-02-07 05:40:53
29,2020-12-06 15:14:38
390,2020-04-24 08:29:43
392,2020-11-08 00:54:23
509,2020-10-05 15:23:26
623,2021-01-01 23:18:46
667,2020-11-26 14:20:15
783,2020-08-25 02:04:58
296,2020-07-22 00:45:23
672,2021-02-15 23:58:46
712,2021-01-24 08:24:16
302,2020-04-11 22:41:12
805,2020-05-15 09:28:58
28,2021-02-15 00:53:22
91,2020-07-21 04:03:06
964,2021-02-19 19:45:35
266,2020-04-07 20:21:41
744,2020-09-18 10:21:29
313,2020-03-15 04:41:10
93,2020-10-01 07:10:44
358,2020-03-12 23:39:09
131,2020-03-17 10:28:31
535,2020-05-23 23:16:24
181,2020-07-20 19:25:38
894,2020-12-01 09:29:50
838,2020-08-28 06:08:02
67,2020-05-08 21:44:52
270,2020-10-10 12:53:11
979,2020-11-15 09:46:25
133,2020-11-01 08:40:24
592,2020-10-08 15:11:42
910,2021-01-27 00:19:42
287,2020-08-17 09:35:26
207,2020-07-29 14:10:04
937,2021-01-21 02:27:51
504,2021-02-16 19:03:59
